train_loss,val_loss,train_auc,val_auc,train_f1,val_f1,train_accuracy,val_accuracy,test_loss,test_auc,test_f1,test_accuracy,backbone,pretrain,clf,fold,structure,lr,batchsize,dropprob,fcsizeratio,numfilters,kernelsize,epochs,imagesize,lrdecay,lrbeta,task
0.707963651301814,0.6532788292255277,0.7061572977689144,0.8444636678200692,0.6948356807511737,0.6811594202898551,0.6601307189542484,0.7124183006535948,0.6568153523704381,0.8149425287356322,0.6808510638297872,0.7087378640776699,DenseNet121,RadImageNet,Conv,full,freezeall,0.0001,64,0.5,1.0,4,2,5,256,cosine,0.5,acl
1.1834967943577983,1.12623090077849,0.8715394629329566,0.8671280276816609,0.8250591016548463,0.7814569536423841,0.8065359477124183,0.7843137254901961,1.664218766018025,0.824521072796935,0.7254901960784313,0.7281553398058253,ResNet50,ImageNet,ConvSkip,full,freezeall,0.0001,64,0.5,1.0,16,2,5,256,cosine,0.5,acl
0.7028428609854256,0.5624901551047182,0.8030107884277147,0.8560553633217993,0.7665505226480837,0.8042328042328042,0.7372549019607844,0.7581699346405228,0.4890086749224986,0.8731800766283524,0.8376068376068376,0.8155339805825242,DenseNet121,ImageNet,Conv,full,freezeall,0.0001,64,0.5,1.0,16,2,5,256,beta,0.5,acl
0.6699294879545573,0.4799474193379769,0.8123796861800103,0.8807958477508651,0.7744186046511627,0.7878787878787878,0.74640522875817,0.7712418300653595,0.5252425074577332,0.8800766283524903,0.819047619047619,0.8155339805825242,DenseNet121,ImageNet,Conv,full,freezeall,0.0001,64,0.5,0.5,16,2,5,256,beta,0.5,acl
0.8167750960861156,0.5313933063176722,0.6511903278075533,0.8046712802768167,0.6682134570765661,0.7956989247311828,0.6261437908496732,0.7516339869281046,0.5584533746960094,0.7743295019157088,0.7241379310344828,0.6893203883495146,DenseNet121,ImageNet,Conv,full,freezeall,0.0001,64,0.5,0.5,4,2,5,256,beta,0.5,acl
0.4482860076661203,0.3251313310043484,0.8983201074688051,0.9346020761245676,0.8296639629200464,0.891566265060241,0.807843137254902,0.8823529411764706,0.4219523674076043,0.91455938697318,0.819047619047619,0.8155339805825242,ResNet50,RadImageNet,ConvSkip,full,freezeall,0.0001,64,0.5,0.5,4,2,5,256,cosine,0.5,acl
0.6595854449116326,0.4884096224323597,0.7694752586314347,0.8557093425605536,0.7332549941245593,0.782608695652174,0.7032679738562092,0.738562091503268,0.486532963595344,0.8490421455938697,0.7692307692307693,0.7378640776699029,DenseNet121,ImageNet,ConvSkip,full,freezeall,0.0001,64,0.5,0.5,4,2,5,256,beta,0.5,acl
0.7423466165081348,0.5515605226840848,0.6904939964269392,0.7892733564013841,0.6882217090069284,0.7529411764705882,0.6470588235294118,0.7254901960784313,0.4964208828592763,0.8417624521072797,0.7636363636363637,0.7475728155339806,DenseNet121,ImageNet,NonLinear,full,freezeall,0.0001,64,0.5,1.0,4,2,5,256,cosine,0.5,acl
0.5210840247425379,0.4746804724331774,0.8781420083925381,0.9320069204152248,0.8199513381995134,0.7591240875912408,0.8065359477124183,0.7843137254901961,0.5628114255886634,0.9003831417624522,0.7391304347826086,0.7669902912621359,ResNet50,RadImageNet,ConvSkip,full,freezeall,0.0001,64,0.5,1.0,4,2,5,256,beta,0.5,acl
0.5547111362413644,0.4077339752826815,0.934376168515518,0.954325259515571,0.8748510131108462,0.9162011173184358,0.8627450980392157,0.9019607843137256,0.2103575473850213,0.97816091954023,0.907563025210084,0.8932038834951457,ResNet50,RadImageNet,ConvSkip,full,freezeall,0.0001,64,0.5,0.5,16,2,5,256,cosine,0.5,acl
0.6159262761571049,0.5607851291793624,0.7917999639924107,0.8112456747404844,0.7511520737327189,0.78125,0.7176470588235294,0.7254901960784313,0.4363478202264286,0.8731800766283525,0.8264462809917356,0.7961165048543689,ResNet50,ImageNet,NonLinear,full,freezeall,0.0001,64,0.5,1.0,4,2,5,256,beta,0.5,acl
0.7108159648047553,0.7100061248330509,0.5010871522151592,0.4953287197231834,0.6242299794661191,0.6268656716417911,0.5215686274509804,0.5098039215686274,0.6950618323770542,0.5337164750957855,0.6470588235294118,0.5339805825242718,ResNet50,ImageNet,Linear,full,freezeall,0.0001,64,0.5,0.5,4,2,5,256,cosine,0.5,acl
0.6487995231073667,0.7465405156409818,0.8113756284016787,0.9133217993079584,0.7560693641618497,0.7142857142857143,0.7241830065359477,0.5555555555555556,0.7409139744286398,0.8593869731800767,0.7204968944099379,0.5631067961165048,DenseNet121,RadImageNet,ConvSkip,full,freezeall,0.0001,64,0.5,0.5,4,2,5,256,cosine,0.5,acl
0.7475455276327195,0.4385157920955832,0.7052501835002145,0.8828719723183391,0.6941580756013745,0.8397790055248618,0.6509803921568628,0.8104575163398693,0.544101447156332,0.7980842911877395,0.7454545454545455,0.7281553398058253,DenseNet121,ImageNet,Conv,full,freezeall,0.0001,64,0.5,0.5,4,2,5,256,cosine,0.5,acl
0.5727384475711125,0.3465336046966852,0.8232027365767861,0.92439446366782,0.7588652482269503,0.847457627118644,0.7333333333333333,0.8235294117647058,0.4158856605441824,0.8915708812260537,0.7747747747747747,0.7572815533980582,ResNet50,RadImageNet,NonLinear,full,freezeall,0.0001,64,0.5,1.0,4,2,5,256,beta,0.5,acl
0.6016912423707301,0.4756563142234203,0.8849972994308032,0.9088235294117648,0.8148148148148148,0.8287292817679558,0.7908496732026143,0.7973856209150327,0.5378305043989015,0.8827586206896553,0.8173913043478261,0.7961165048543689,DenseNet121,ImageNet,ConvSkip,full,freezeall,0.0001,64,0.5,1.0,16,2,5,256,cosine,0.5,acl
0.6220418620732875,0.6641424076229918,0.7373315606520143,0.8076124567474049,0.7254004576659039,0.7444444444444445,0.6862745098039216,0.6993464052287581,0.6671615879512528,0.7743295019157089,0.7321428571428571,0.7087378640776699,DenseNet121,RadImageNet,NonLinear,full,freezeall,0.0001,64,0.5,0.5,4,2,5,256,cosine,0.5,acl
0.6275828694206437,0.5502922998534309,0.824663813757669,0.9346020761245676,0.7636363636363637,0.8496732026143791,0.7450980392156863,0.8496732026143791,0.5627223907165158,0.9045977011494252,0.8380952380952381,0.8349514563106796,DenseNet121,RadImageNet,Conv,full,freezeall,0.0001,64,0.5,1.0,16,2,5,256,cosine,0.5,acl
0.7359399271946327,0.6734900661543304,0.664485437699946,0.7982698961937716,0.6752941176470588,0.717948717948718,0.6392156862745098,0.7124183006535948,0.6799391484954982,0.7176245210727968,0.66,0.6699029126213593,DenseNet121,RadImageNet,Conv,full,freezeall,0.0001,64,0.5,0.5,4,2,5,256,beta,0.5,acl
0.6083403909907622,0.4787490025065303,0.8018405417757282,0.8529411764705882,0.7621247113163973,0.8089887640449438,0.730718954248366,0.7777777777777778,0.472095395176156,0.8555555555555555,0.8,0.7766990291262136,ResNet50,ImageNet,NonLinear,full,freezeall,0.0001,64,0.5,1.0,4,2,5,256,cosine,0.5,acl
0.6068629195487577,0.3917438621614493,0.81728225795283,0.910726643598616,0.784180790960452,0.84472049689441,0.7503267973856209,0.8366013071895425,0.4854491679992491,0.8482758620689655,0.75,0.7475728155339806,ResNet50,RadImageNet,Conv,full,freezeall,0.0001,64,0.5,1.0,4,2,5,256,beta,0.5,acl
0.6744927078290702,0.6372992832676257,0.5904967662415,0.7527681660899654,0.6816786079836233,0.7555555555555555,0.5934640522875817,0.7124183006535948,0.6604946006848974,0.6555555555555556,0.6885245901639344,0.6310679611650486,ResNet50,RadImageNet,Linear,full,freezeall,0.0001,64,0.5,0.5,4,2,5,256,beta,0.5,acl
0.6858646609424766,0.7417515368243448,0.7463126843657817,0.9017301038062284,0.722488038277512,0.0,0.6967320261437908,0.4444444444444444,0.749081362798376,0.828352490421456,0.0,0.4368932038834951,DenseNet121,RadImageNet,ConvSkip,full,freezeall,0.0001,64,0.5,1.0,4,2,5,256,beta,0.5,acl
0.4623659578024172,0.827914314721924,0.8873862644895925,0.9027681660899656,0.822742474916388,0.7142857142857143,0.792156862745098,0.5555555555555556,0.8173098755114286,0.8931034482758622,0.7204968944099379,0.5631067961165048,DenseNet121,RadImageNet,ConvSkip,full,freezeall,0.0001,64,0.5,1.0,16,2,5,256,beta,0.5,acl
0.5406425024948868,0.6389598850331275,0.8569321533923305,0.9143598615916956,0.8056206088992974,0.7142857142857143,0.7830065359477124,0.5555555555555556,0.6381988288129418,0.8915708812260537,0.7204968944099379,0.5631067961165048,DenseNet121,RadImageNet,ConvSkip,full,freezeall,0.0001,64,0.5,0.5,16,2,5,256,beta,0.5,acl
0.6475730991051867,0.4188768723431755,0.8971290872076115,0.9448096885813148,0.8358556461001164,0.8805031446540881,0.8156862745098039,0.8758169934640523,0.4195183515548706,0.935249042145594,0.8545454545454545,0.8446601941747572,ResNet50,RadImageNet,Conv,full,freezeall,0.0001,64,0.5,1.0,16,2,5,256,cosine,0.5,acl
0.8552438180431042,0.9930562770444584,0.8673985901643886,0.8560553633217994,0.8042203985932005,0.7194244604316546,0.7816993464052288,0.7450980392156863,1.2653935453266774,0.8149425287356322,0.6597938144329897,0.6796116504854369,ResNet50,ImageNet,Conv,full,freezeall,0.0001,64,0.5,1.0,16,2,5,256,cosine,0.5,acl
0.8313117673973632,0.8612144219329934,0.4437450662678133,0.4546712802768166,0.5674518201284796,0.6636771300448431,0.4718954248366013,0.5098039215686274,0.9240319283263198,0.3804597701149425,0.6153846153846154,0.4660194174757281,DenseNet121,ImageNet,Linear,full,freezeall,0.0001,64,0.5,0.5,4,2,5,256,cosine,0.5,acl
0.5697082397984523,0.3392246607082342,0.8497167864611466,0.9283737024221452,0.7935034802784223,0.8690476190476191,0.7673202614379085,0.8562091503267973,0.3670795065106697,0.9126436781609196,0.8148148148148148,0.8058252427184466,ResNet50,RadImageNet,Conv,full,freezeall,0.0001,64,0.5,1.0,4,2,5,256,cosine,0.5,acl
0.6858442246524337,0.6709207054836298,0.6819768166521251,0.7799307958477508,0.6967032967032967,0.7317073170731707,0.6392156862745098,0.7124183006535948,0.6767991520826099,0.7057471264367816,0.6666666666666666,0.6407766990291263,DenseNet121,RadImageNet,NonLinear,full,freezeall,0.0001,64,0.5,0.5,4,2,5,256,beta,0.5,acl
0.5565336530504663,0.4829591097784977,0.8271912695445041,0.907439446366782,0.7755581668625147,0.7837837837837838,0.7503267973856209,0.7908496732026143,0.603146988790012,0.8471264367816091,0.7676767676767676,0.7766990291262136,ResNet50,RadImageNet,NonLinear,full,freezeall,0.0001,64,0.5,0.5,4,2,5,256,cosine,0.5,acl
0.6720475303581338,0.4704149478401234,0.7938773249130971,0.863840830449827,0.7505720823798627,0.8248587570621468,0.7150326797385621,0.7973856209150327,0.4841872199067791,0.8582375478927203,0.8376068376068376,0.8155339805825242,ResNet50,ImageNet,Conv,full,freezeall,0.0001,64,0.5,0.5,4,2,5,256,beta,0.5,acl
0.8320829337718441,0.6071492453026616,0.6086944479067127,0.7420415224913495,0.6448598130841121,0.7283236994219653,0.6026143790849673,0.6928104575163399,0.6429431131742533,0.7011494252873564,0.6727272727272727,0.6504854368932039,DenseNet121,ImageNet,NonLinear,full,freezeall,0.0001,64,0.5,1.0,4,2,5,256,beta,0.5,acl
0.5831218042404823,0.4471350910227283,0.8365601672967995,0.8726643598615917,0.7809965237543454,0.8402366863905325,0.7529411764705882,0.8235294117647058,0.4865814621008715,0.8586206896551724,0.8035714285714286,0.7864077669902912,ResNet50,ImageNet,Conv,full,freezeall,0.0001,64,0.5,0.5,4,2,5,256,cosine,0.5,acl
0.4670860120284012,0.6956662921344533,0.8975064744415361,0.9242214532871972,0.8317972350230415,0.7142857142857143,0.8091503267973856,0.5555555555555556,0.6834750048165182,0.9149425287356322,0.7204968944099379,0.5631067961165048,DenseNet121,RadImageNet,ConvSkip,full,freezeall,0.0001,64,0.5,0.5,16,2,5,256,cosine,0.5,acl
0.7382317156573526,0.3954857326800527,0.8145539906103287,0.9091695501730104,0.7616766467065869,0.8271604938271605,0.7398692810457517,0.8169934640522876,0.4479766326043212,0.9065134099616858,0.8113207547169812,0.8058252427184466,DenseNet121,ImageNet,Conv,full,freezeall,0.0001,64,0.5,0.5,16,2,5,256,cosine,0.5,acl
0.5505731491091984,0.4483663412480572,0.8622017255944715,0.889446366782007,0.8023668639053254,0.8072289156626506,0.7816993464052288,0.7908496732026143,0.6395774796171095,0.8390804597701149,0.7857142857142857,0.7669902912621359,ResNet50,ImageNet,ConvSkip,full,freezeall,0.0001,64,0.5,1.0,4,2,5,256,cosine,0.5,acl
0.5520993988498364,0.5069745745923784,0.8554156799202293,0.8605536332179932,0.8032596041909197,0.8089887640449438,0.7790849673202614,0.7777777777777778,0.5555308044535442,0.8402298850574712,0.7678571428571429,0.7475728155339806,ResNet50,ImageNet,ConvSkip,full,freezeall,0.0001,64,0.5,0.5,4,2,5,256,beta,0.5,acl
0.6922062391549154,0.6919147785193,0.5777763928704973,0.6506055363321799,0.7062818336162988,0.7142857142857143,0.5477124183006536,0.5555555555555556,0.6921253678868118,0.5444444444444444,0.7204968944099379,0.5631067961165048,DenseNet121,RadImageNet,Linear,full,freezeall,0.0001,64,0.5,0.5,4,2,5,256,beta,0.5,acl
0.5569506039416868,0.3894575294715906,0.8379519991136593,0.9076124567474048,0.7850467289719626,0.8202247191011236,0.7594771241830065,0.7908496732026143,0.4262401334290365,0.8892720306513409,0.8245614035087719,0.8058252427184466,DenseNet121,ImageNet,ConvSkip,full,freezeall,0.0001,64,0.5,1.0,4,2,5,256,cosine,0.5,acl
0.8947083904852275,0.578161378701528,0.6105294500533189,0.7640138408304499,0.6498277841561424,0.7853403141361257,0.6013071895424836,0.7320261437908496,0.5696116286574058,0.7720306513409962,0.7704918032786885,0.7281553398058253,DenseNet121,ImageNet,Conv,full,freezeall,0.0001,64,0.5,1.0,4,2,5,256,beta,0.5,acl
0.6035371929991479,0.3410340970248178,0.8357776946833408,0.9326989619377164,0.7935034802784223,0.8571428571428571,0.7673202614379085,0.8496732026143791,0.4021898334466138,0.9038314176245212,0.8113207547169812,0.8058252427184466,ResNet50,RadImageNet,Conv,full,freezeall,0.0001,64,0.5,0.5,4,2,5,256,cosine,0.5,acl
0.5295603780380261,0.543929284694148,0.9193741603999612,0.9266435986159168,0.8587962962962963,0.8734177215189873,0.8405228758169935,0.869281045751634,0.5328469230133352,0.9130268199233716,0.803921568627451,0.8058252427184466,ResNet50,RadImageNet,Conv,full,freezeall,0.0001,64,0.5,0.5,16,2,5,256,cosine,0.5,acl
0.4559979300483379,0.3014969564730825,0.8990818064730565,0.951038062283737,0.8375870069605569,0.89171974522293,0.8169934640522876,0.8888888888888888,0.3707302395001198,0.9275862068965516,0.819047619047619,0.8155339805825242,ResNet50,RadImageNet,ConvSkip,full,freezeall,0.0001,64,0.5,0.5,4,2,5,256,beta,0.5,acl
0.5408444981949002,0.3450604381124957,0.842944589859709,0.9311418685121108,0.7981438515081206,0.8607594936708861,0.7725490196078432,0.8562091503267973,0.4124500039711739,0.9088122605363984,0.8235294117647058,0.8252427184466019,ResNet50,RadImageNet,NonLinear,full,freezeall,0.0001,64,0.5,1.0,4,2,5,256,cosine,0.5,acl
0.7819065610567729,0.7488486209726022,0.4691511903278075,0.5060553633217992,0.5644983461962514,0.6051282051282051,0.4836601307189542,0.4967320261437908,0.7023128681969875,0.5965517241379311,0.6615384615384615,0.5728155339805825,DenseNet121,ImageNet,Linear,full,freezeall,0.0001,64,0.5,0.5,4,2,5,256,beta,0.5,acl
0.680695325876373,0.4980003403292762,0.7364867672109352,0.8347750865051903,0.7029585798816568,0.7607361963190185,0.6718954248366014,0.7450980392156863,0.533749056672587,0.8114942528735631,0.7192982456140351,0.6893203883495146,ResNet50,ImageNet,NonLinear,full,freezeall,0.0001,64,0.5,0.5,4,2,5,256,beta,0.5,acl
0.5358249247853273,0.5972099066559785,0.900099713324193,0.9121107266435984,0.8401400233372228,0.8258064516129032,0.8209150326797385,0.8235294117647058,0.988419785082919,0.8624521072796935,0.6666666666666666,0.6893203883495146,DenseNet121,ImageNet,ConvSkip,full,freezeall,0.0001,64,0.5,0.5,16,2,5,256,cosine,0.5,acl
0.6237610728912104,0.4602962366116592,0.7900411317462296,0.854152249134948,0.75,0.7953216374269005,0.7150326797385621,0.7712418300653595,0.4652872270750768,0.8777777777777779,0.8288288288288288,0.8155339805825242,DenseNet121,ImageNet,ConvSkip,full,freezeall,0.0001,64,0.5,1.0,4,2,5,256,beta,0.5,acl
0.6080368961384094,0.4746105219024458,0.8341781267744124,0.8662629757785467,0.7908045977011494,0.7672955974842768,0.7620915032679738,0.7581699346405228,0.532304995268294,0.849808429118774,0.7238095238095238,0.7184466019417476,ResNet50,ImageNet,Conv,full,freezeall,0.0001,64,0.5,1.0,4,2,5,256,cosine,0.5,acl
0.6153574728498272,0.5935797188796249,0.8381112634509119,0.9141868512110726,0.7654320987654321,0.8258064516129032,0.7516339869281046,0.8235294117647058,0.6000516894951607,0.9,0.7924528301886793,0.7864077669902912,DenseNet121,RadImageNet,Conv,full,freezeall,0.0001,64,0.5,0.5,16,2,5,256,cosine,0.5,acl
0.8886057866165061,0.5869360675219617,0.8555091611616603,0.8738754325259516,0.8009205983889528,0.8023952095808383,0.7738562091503268,0.7843137254901961,0.9741590867922144,0.8490421455938698,0.7787610619469026,0.7572815533980582,ResNet50,ImageNet,Conv,full,freezeall,0.0001,64,0.5,0.5,16,2,5,256,beta,0.5,acl
0.649211963485269,0.3696010299757415,0.7829781046158959,0.9133217993079584,0.7494199535962877,0.8452380952380952,0.7176470588235294,0.8300653594771242,0.4527974889695065,0.8685823754789271,0.7636363636363637,0.7475728155339806,ResNet50,RadImageNet,NonLinear,full,freezeall,0.0001,64,0.5,0.5,4,2,5,256,beta,0.5,acl
0.8179405951032451,0.6477945801479364,0.8632992646142341,0.8723183391003461,0.819557625145518,0.7777777777777778,0.7973856209150327,0.7647058823529411,1.0394432486839664,0.8310344827586207,0.7766990291262136,0.7766990291262136,ResNet50,ImageNet,Conv,full,freezeall,0.0001,64,0.5,1.0,16,2,5,256,beta,0.5,acl
0.7597164162623337,0.7119817924655341,0.6420845624385447,0.8174740484429066,0.6659167604049494,0.0,0.611764705882353,0.4444444444444444,0.7367266260304497,0.7191570881226054,0.0,0.4368932038834951,DenseNet121,RadImageNet,Conv,full,freezeall,0.0001,64,0.5,1.0,4,2,5,256,beta,0.5,acl
1.2439452057570417,0.6386889398487565,0.8895986538701235,0.9373702422145328,0.8261904761904761,0.8186528497409327,0.8091503267973856,0.7712418300653595,0.9192075092815658,0.8846743295019156,0.832,0.7961165048543689,ResNet50,RadImageNet,ConvSkip,full,freezeall,0.0001,64,0.5,1.0,16,2,5,256,cosine,0.5,acl
0.6402285603915944,0.5454421828385272,0.8662664284626145,0.8785467128027681,0.7943595769682726,0.7904191616766467,0.7712418300653595,0.7712418300653595,0.6614372417764757,0.868199233716475,0.7924528301886793,0.7864077669902912,DenseNet121,ImageNet,ConvSkip,full,freezeall,0.0001,64,0.5,0.5,16,2,5,256,beta,0.5,acl
0.5076073332160127,0.4264911896263073,0.8978007672386334,0.9044982698961938,0.8327485380116959,0.8402366863905325,0.8130718954248366,0.8235294117647058,0.5678733928689679,0.8766283524904215,0.8035714285714286,0.7864077669902912,DenseNet121,ImageNet,ConvSkip,full,freezeall,0.0001,64,0.5,1.0,16,2,5,256,beta,0.5,acl
0.6387595011517893,0.7822687314226736,0.8039248272328168,0.9245674740484428,0.7496977025392987,0.7142857142857143,0.7294117647058823,0.5555555555555556,0.7728266478742211,0.8793103448275862,0.7204968944099379,0.5631067961165048,DenseNet121,RadImageNet,Conv,full,freezeall,0.0001,64,0.5,1.0,16,2,5,256,beta,0.5,acl
0.5798571059906404,0.5809071566544327,0.8204121484066642,0.8974048442906575,0.7733026467203682,0.7887323943661971,0.742483660130719,0.803921568627451,0.6024013445215318,0.8448275862068965,0.6818181818181818,0.7281553398058253,DenseNet121,RadImageNet,Conv,full,freezeall,0.0001,64,0.5,0.5,16,2,5,256,beta,0.5,acl
0.5657051325623506,0.4936787133512933,0.8605398368579225,0.8835640138408305,0.8205128205128205,0.7581699346405228,0.7986928104575164,0.7581699346405228,0.6344717150752984,0.8417624521072797,0.7326732673267327,0.7378640776699029,ResNet50,ImageNet,ConvSkip,full,freezeall,0.0001,64,0.5,0.5,4,2,5,256,cosine,0.5,acl
0.6087332903949264,0.7217003597932703,0.7829919536887004,0.8520761245674741,0.746031746031746,0.0232558139534883,0.7071895424836602,0.4509803921568627,0.7483814740643918,0.7800766283524904,0.0,0.4368932038834951,DenseNet121,RadImageNet,ConvSkip,full,freezeall,0.0001,64,0.5,0.5,4,2,5,256,beta,0.5,acl
1.9214868074928233,1.3666507636799532,0.7313176007866273,0.8363321799307958,0.702576112412178,0.7757009345794392,0.6679738562091503,0.6862745098039216,0.9093495341180596,0.871264367816092,0.782608695652174,0.7087378640776699,ResNet50,ImageNet,ConvSkip,full,freezeall,0.0001,64,0.5,0.5,16,2,5,256,cosine,0.5,acl
0.5808138191310409,0.3785838963938694,0.830798953010096,0.92560553633218,0.789838337182448,0.8535031847133758,0.7620915032679738,0.8496732026143791,0.4793712977066781,0.8885057471264368,0.7961165048543689,0.7961165048543689,ResNet50,RadImageNet,Conv,full,freezeall,0.0001,64,0.5,0.5,4,2,5,256,beta,0.5,acl
0.5936289665745754,0.404313889204287,0.8246984364396804,0.8979238754325259,0.7818831942789034,0.7852760736196319,0.7607843137254902,0.7712418300653595,0.4086330055611805,0.8996168582375479,0.8620689655172413,0.8446601941747572,DenseNet121,ImageNet,ConvSkip,full,freezeall,0.0001,64,0.5,0.5,4,2,5,256,cosine,0.5,acl
0.6784847945169685,0.6528673705711864,0.5794313570706442,0.679757785467128,0.6245919477693145,0.7040816326530612,0.5490196078431373,0.6209150326797386,0.6496955827601905,0.6800766283524904,0.7121212121212122,0.6310679611650486,ResNet50,RadImageNet,Linear,full,freezeall,0.0001,64,0.5,0.5,4,2,5,256,cosine,0.5,acl
0.7045530095599056,0.7254836426840888,0.6958085781156951,0.8392733564013841,0.6889632107023411,0.0,0.6352941176470588,0.4444444444444444,0.7399824116993876,0.7969348659003832,0.0,0.4368932038834951,DenseNet121,RadImageNet,Conv,full,freezeall,0.0001,64,0.5,0.5,4,2,5,256,cosine,0.5,acl
0.6799663153349185,0.5662420321913326,0.8842182890855457,0.9354671280276816,0.8181818181818182,0.84,0.8013071895424837,0.8431372549019608,0.7105226146364675,0.928735632183908,0.7311827956989247,0.7572815533980582,ResNet50,RadImageNet,Conv,full,freezeall,0.0001,64,0.5,0.5,16,2,5,256,beta,0.5,acl
0.6311651674750584,0.4944742908275205,0.8901837771961167,0.9375432525951558,0.8235294117647058,0.8496732026143791,0.803921568627451,0.8496732026143791,0.5882665312405929,0.9268199233716476,0.8118811881188119,0.8155339805825242,ResNet50,RadImageNet,Conv,full,freezeall,0.0001,64,0.5,1.0,16,2,5,256,beta,0.5,acl
0.6885411841417449,0.6771486611927257,0.6754954505795837,0.7802768166089964,0.6603098927294399,0.7668393782383419,0.6274509803921569,0.7058823529411765,0.6775380129953033,0.7544061302681992,0.7384615384615385,0.6699029126213593,DenseNet121,RadImageNet,NonLinear,full,freezeall,0.0001,64,0.5,1.0,4,2,5,256,beta,0.5,acl
0.4419734278145958,0.3739474444997077,0.9069619288988602,0.9448096885813148,0.8464243845252052,0.8516129032258064,0.8287581699346406,0.8496732026143791,0.3534182900363959,0.9478927203065134,0.8679245283018868,0.8640776699029126,ResNet50,RadImageNet,ConvSkip,full,freezeall,0.0001,64,0.5,1.0,4,2,5,256,cosine,0.5,acl
0.8205237366794761,0.6117923505165997,0.6398271635713989,0.7399653979238754,0.6597938144329897,0.7052023121387283,0.611764705882353,0.6666666666666666,0.6785157432833921,0.685823754789272,0.6608695652173913,0.6213592233009708,DenseNet121,ImageNet,NonLinear,full,freezeall,0.0001,64,0.5,0.5,4,2,5,256,cosine,0.5,acl
0.4653118661026549,0.635074267589968,0.8946570277119947,0.9031141868512113,0.8351126927639383,0.7142857142857143,0.8183006535947712,0.5555555555555556,0.6332043438281828,0.8957854406130269,0.7204968944099379,0.5631067961165048,DenseNet121,RadImageNet,ConvSkip,full,freezeall,0.0001,64,0.5,1.0,16,2,5,256,cosine,0.5,acl
0.6857131219377705,0.4806099245750826,0.8313182932402676,0.8908304498269896,0.7858823529411765,0.7870967741935484,0.7620915032679738,0.7843137254901961,0.6963438790978738,0.842528735632184,0.7128712871287128,0.7184466019417476,DenseNet121,ImageNet,Conv,full,freezeall,0.0001,64,0.5,1.0,16,2,5,256,cosine,0.5,acl
0.8311038720062356,0.6893349784651613,0.607261068871439,0.6330449826989619,0.6490066225165563,0.6227544910179641,0.5843137254901961,0.5882352941176471,0.6486298638640098,0.696551724137931,0.6666666666666666,0.6504854368932039,DenseNet121,ImageNet,NonLinear,full,freezeall,0.0001,64,0.5,0.5,4,2,5,256,beta,0.5,acl
1.24459326890559,0.9439195117919272,0.8601278269419862,0.9183391003460208,0.8042203985932005,0.7741935483870968,0.7816993464052288,0.6797385620915033,0.8848118052899259,0.9061302681992336,0.7808219178082192,0.6893203883495146,ResNet50,RadImageNet,ConvSkip,full,freezeall,0.0001,64,0.5,0.5,16,2,5,256,beta,0.5,acl
0.5930916480379167,0.3965997068710576,0.9219050784549976,0.9399653979238752,0.8627450980392157,0.8658536585365854,0.8444444444444444,0.8562091503267973,0.4952762416265543,0.9337164750957856,0.8518518518518519,0.8446601941747572,ResNet50,RadImageNet,ConvSkip,full,freezeall,0.0001,64,0.5,1.0,16,2,5,256,beta,0.5,acl
0.7240519514270857,0.5250454433992797,0.7701954104172726,0.8259515570934255,0.7328767123287672,0.7590361445783133,0.6941176470588235,0.738562091503268,0.4825335214438948,0.8754789272030652,0.7735849056603774,0.7669902912621359,ResNet50,ImageNet,Conv,full,freezeall,0.0001,64,0.5,1.0,4,2,5,256,beta,0.5,acl
0.6926614434111352,0.6918268363460217,0.536346891575609,0.6683391003460207,0.7005347593582888,0.7272727272727273,0.5607843137254902,0.5882352941176471,0.692044234391555,0.5931034482758621,0.7225806451612903,0.5825242718446602,DenseNet121,RadImageNet,Linear,full,freezeall,0.0001,64,0.5,0.5,4,2,5,256,cosine,0.5,acl
0.5415354155247507,0.639493403871075,0.8134045175675488,0.9207612456747406,0.7674684994272624,0.7142857142857143,0.734640522875817,0.5555555555555556,0.6389782804887272,0.8877394636015327,0.7204968944099379,0.5631067961165048,DenseNet121,RadImageNet,ConvSkip,full,freezeall,0.0001,64,0.5,1.0,4,2,5,256,cosine,0.5,acl
0.720600876543257,0.4915275587365518,0.712617890232249,0.8420415224913496,0.7085714285714285,0.7810650887573964,0.6666666666666666,0.7581699346405228,0.5382929751016561,0.8268199233716476,0.72,0.7281553398058253,DenseNet121,ImageNet,Conv,full,freezeall,0.0001,64,0.5,1.0,4,2,5,256,cosine,0.5,acl
0.6626526541180081,0.6490074855829376,0.7643787998393506,0.8534602076124568,0.7330316742081447,0.8021390374331551,0.6915032679738562,0.7581699346405228,0.6480375042239439,0.8310344827586207,0.7936507936507936,0.7475728155339806,DenseNet121,RadImageNet,NonLinear,full,freezeall,0.0001,64,0.5,1.0,4,2,5,256,cosine,0.5,acl
0.9744141391679352,1.708233395043541,0.8884076336089298,0.8724048442906575,0.8157589803012746,0.8177339901477833,0.792156862745098,0.7581699346405228,1.4485139754212015,0.8614942528735633,0.8396946564885496,0.7961165048543689,ResNet50,ImageNet,ConvSkip,full,freezeall,0.0001,64,0.5,1.0,16,2,5,256,beta,0.5,acl
0.9261975994297102,0.8748607597514695,0.8842563740357583,0.8731833910034601,0.8274285714285714,0.7950310559006211,0.8026143790849674,0.7843137254901961,1.305379696262693,0.8544061302681992,0.7547169811320755,0.7475728155339806,ResNet50,ImageNet,ConvSkip,full,freezeall,0.0001,64,0.5,0.5,16,2,5,256,beta,0.5,acl
0.7507028138715457,0.7252647074219448,0.4643663356738266,0.5005190311418686,0.5968586387434555,0.6933333333333334,0.4967320261437908,0.5490196078431373,0.7210799345692385,0.5000000000000001,0.68,0.5339805825242718,ResNet50,ImageNet,Linear,full,freezeall,0.0001,64,0.5,0.5,4,2,5,256,beta,0.5,acl
0.8582629344042609,0.9087548967864778,0.8614434888584208,0.8465397923875433,0.8018757327080891,0.8047337278106509,0.7790849673202614,0.7843137254901961,1.150767112241208,0.8199233716475096,0.7592592592592593,0.7475728155339806,ResNet50,ImageNet,Conv,full,freezeall,0.0001,64,0.5,0.5,16,2,5,256,cosine,0.5,acl
0.6087785981838999,0.5195941549111036,0.7962316672898749,0.8124567474048443,0.7399527186761229,0.7515151515151515,0.7124183006535948,0.7320261437908496,0.4994167590025559,0.8475095785440613,0.8035714285714286,0.7864077669902912,ResNet50,ImageNet,NonLinear,full,freezeall,0.0001,64,0.5,0.5,4,2,5,256,cosine,0.5,acl
0.603659008063522,0.5114075319439757,0.8451258188264296,0.8667820069204152,0.7791907514450868,0.7848101265822784,0.7503267973856209,0.7777777777777778,0.6129235029220581,0.835632183908046,0.7735849056603774,0.7669902912621359,ResNet50,ImageNet,ConvSkip,full,freezeall,0.0001,64,0.5,1.0,4,2,5,256,beta,0.5,acl
0.6962851142271971,0.6954326099819608,0.4965760531230545,0.4317329332333083,0.4256480218281037,0.410958904109589,0.2803418803418803,0.2649572649572649,0.6954296567501166,0.4519632414369256,0.4285714285714285,0.282051282051282,DenseNet121,RadImageNet,Linear,full,freezeall,0.0001,64,0.5,0.5,4,2,5,256,beta,0.5,breast
0.4686300021460932,0.4829125231147831,0.8285951442207928,0.8079519879969993,0.6078431372549019,0.5423728813559322,0.7948717948717948,0.7692307692307693,0.468262696877504,0.797827903091061,0.6486486486486487,0.8333333333333334,DenseNet121,ImageNet,ConvSkip,full,freezeall,0.0001,64,0.5,0.5,4,2,5,256,beta,0.5,breast
0.7390731195099334,0.5111472606658936,0.6049713929979545,0.7775693923480871,0.4110429447852761,0.5084745762711864,0.6717948717948717,0.7521367521367521,0.5138027163652273,0.7568922305764411,0.4324324324324324,0.7307692307692307,DenseNet121,ImageNet,Conv,full,freezeall,0.0001,64,0.5,0.5,4,2,5,256,cosine,0.5,breast
0.7418972189609822,0.8473621240028968,0.8595885334835325,0.8064516129032258,0.6258064516129033,0.5789473684210527,0.8017094017094017,0.7264957264957265,0.553604109164996,0.9131161236424394,0.6785714285714286,0.7692307692307693,ResNet50,RadImageNet,Conv,full,freezeall,0.0001,64,0.5,0.5,16,2,5,256,cosine,0.5,breast
0.48619442933645,0.3783541945820181,0.8464559926481487,0.8612153038259565,0.6336633663366337,0.7017543859649122,0.8102564102564103,0.8547008547008547,0.337315790164165,0.9064327485380116,0.6829268292682927,0.8333333333333334,ResNet50,RadImageNet,ConvSkip,full,freezeall,0.0001,64,0.5,1.0,4,2,5,256,beta,0.5,breast
0.665512424096083,0.4679501632339934,0.678223104971393,0.7801950487621906,0.4144144144144144,0.5416666666666666,0.6666666666666666,0.811965811965812,0.4654315457894252,0.7911445279866333,0.6486486486486487,0.8333333333333334,DenseNet121,ImageNet,NonLinear,full,freezeall,0.0001,64,0.5,1.0,4,2,5,256,cosine,0.5,breast
0.4814640499587752,0.5798929603690774,0.847745531082323,0.8000750187546887,0.6804123711340206,0.5454545454545454,0.841025641025641,0.7863247863247863,0.5978755125632653,0.7552213868003341,0.6,0.7948717948717948,DenseNet121,RadImageNet,Conv,full,freezeall,0.0001,64,0.5,0.5,16,2,5,256,cosine,0.5,breast
0.6602048243212904,0.653057086162078,0.4585717250170456,0.5161290322580645,0.1544401544401544,0.054054054054054,0.6256410256410256,0.7008547008547008,0.6672418988668002,0.3834586466165414,0.0,0.6666666666666666,ResNet50,RadImageNet,Linear,full,freezeall,0.0001,64,0.5,0.5,4,2,5,256,beta,0.5,breast
0.6235969507796133,0.5787122203753545,0.7607016867755609,0.768192048012003,0.5387453874538746,0.0,0.7863247863247863,0.7350427350427351,0.5849757056969863,0.7301587301587302,0.0,0.7307692307692307,DenseNet121,RadImageNet,ConvSkip,full,freezeall,0.0001,64,0.5,1.0,4,2,5,256,cosine,0.5,breast
0.786778405894581,1.2617643857613587,0.8815773871283313,0.8428357089272318,0.6750788643533123,0.6329113924050633,0.8239316239316239,0.7521367521367521,1.1927216328107393,0.8128654970760234,0.5454545454545454,0.6794871794871795,ResNet50,ImageNet,Conv,full,freezeall,0.0001,64,0.5,0.5,16,2,5,256,cosine,0.5,breast
1.3695303437801507,1.1100591665659196,0.8429653455073667,0.8728432108027008,0.6447368421052632,0.6451612903225806,0.8153846153846154,0.811965811965812,1.5968021253744762,0.7978279030910609,0.6341463414634146,0.8076923076923077,ResNet50,ImageNet,ConvSkip,full,freezeall,0.0001,64,0.5,1.0,16,2,5,256,cosine,0.5,breast
0.9697816530863445,0.7660636045993903,0.8693341831441022,0.8454613653413353,0.6933333333333334,0.6285714285714286,0.8427350427350427,0.7777777777777778,0.7322045610501215,0.8262322472848788,0.6818181818181818,0.8205128205128205,ResNet50,RadImageNet,ConvSkip,full,freezeall,0.0001,64,0.5,0.5,16,2,5,256,cosine,0.5,breast
0.4910755778989221,0.7678467514168503,0.8728989416891471,0.8724681170292574,0.6428571428571429,0.6222222222222222,0.811965811965812,0.7094017094017094,0.9028587341308594,0.8053467000835421,0.5,0.6153846153846154,ResNet50,ImageNet,ConvSkip,full,freezeall,0.0001,64,0.5,0.5,4,2,5,256,cosine,0.5,breast
0.4695143683853312,0.4790320498311621,0.8394450538048795,0.8255813953488371,0.6086956521739131,0.6333333333333333,0.8,0.811965811965812,0.4439508540508075,0.8128654970760234,0.6666666666666666,0.8461538461538461,ResNet50,ImageNet,NonLinear,full,freezeall,0.0001,64,0.5,1.0,4,2,5,256,cosine,0.5,breast
0.7488091252807878,0.6000776341837696,0.6144428304627516,0.6466616654163542,0.4067796610169492,0.2592592592592592,0.6410256410256411,0.6581196581196581,0.6109363979254013,0.6491228070175439,0.4090909090909091,0.6666666666666666,DenseNet121,ImageNet,NonLinear,full,freezeall,0.0001,64,0.5,1.0,4,2,5,256,beta,0.5,breast
0.5339757549966503,0.5656019591877604,0.8246820620757122,0.8675918979744937,0.5974025974025974,0.6410256410256411,0.788034188034188,0.7606837606837606,0.6925849777001601,0.8145363408521302,0.6071428571428571,0.717948717948718,ResNet50,ImageNet,Conv,full,freezeall,0.0001,64,0.5,1.0,4,2,5,256,cosine,0.5,breast
0.6931326168215173,0.6026792882854103,0.6367058963033232,0.7835708927231808,0.4081632653061224,0.0,0.652991452991453,0.7350427350427351,0.6092368364334106,0.7251461988304094,0.0,0.7307692307692307,DenseNet121,RadImageNet,Conv,full,freezeall,0.0001,64,0.5,1.0,4,2,5,256,beta,0.5,breast
0.5351528926792308,0.688054996677953,0.8908635460824712,0.837959489872468,0.7266881028938906,0.64,0.8547008547008547,0.7692307692307693,0.7054653748487815,0.8070175438596491,0.5581395348837209,0.7564102564102564,DenseNet121,ImageNet,ConvSkip,full,freezeall,0.0001,64,0.5,1.0,16,2,5,256,cosine,0.5,breast
0.4433382053915252,0.4713730817167168,0.8541042895680788,0.8177044261065266,0.6753246753246753,0.5384615384615384,0.8290598290598291,0.7948717948717948,0.4396118269516871,0.8345864661654135,0.5,0.7948717948717948,DenseNet121,ImageNet,ConvSkip,full,freezeall,0.0001,64,0.5,0.5,4,2,5,256,cosine,0.5,breast
0.5652355224658281,0.5931651734898233,0.7397948596330004,0.7970742685671417,0.4344569288389513,0.0,0.7418803418803419,0.7350427350427351,0.6002914523467039,0.731829573934837,0.0,0.7307692307692307,DenseNet121,RadImageNet,ConvSkip,full,freezeall,0.0001,64,0.5,1.0,4,2,5,256,beta,0.5,breast
0.4984891057014465,0.3848847609299879,0.805917054516349,0.8739684921230307,0.5592105263157895,0.6101694915254238,0.770940170940171,0.8034188034188035,0.4611946978630163,0.8128654970760234,0.6829268292682927,0.8333333333333334,ResNet50,ImageNet,NonLinear,full,freezeall,0.0001,64,0.5,1.0,4,2,5,256,beta,0.5,breast
0.6694391323969915,0.8483585160002749,0.8937835354104289,0.8270817704426107,0.6950354609929078,0.6037735849056604,0.852991452991453,0.8205128205128205,0.6087993444540561,0.8822055137844611,0.6060606060606061,0.8333333333333334,ResNet50,RadImageNet,Conv,full,freezeall,0.0001,64,0.5,1.0,16,2,5,256,beta,0.5,breast
0.8023585881878678,0.733350635593773,0.8617896421901402,0.8507126781695424,0.6804123711340206,0.631578947368421,0.841025641025641,0.8205128205128205,0.8179920804806244,0.8245614035087719,0.7317073170731707,0.8589743589743589,ResNet50,RadImageNet,Conv,full,freezeall,0.0001,64,0.5,0.5,16,2,5,256,beta,0.5,breast
0.5057754911928095,0.5023902955218258,0.8377997806302435,0.8608402100525132,0.6375,0.6835443037974683,0.8017094017094017,0.7863247863247863,0.5886059342286526,0.8262322472848789,0.5573770491803278,0.6538461538461539,ResNet50,ImageNet,Conv,full,freezeall,0.0001,64,0.5,0.5,4,2,5,256,beta,0.5,breast
0.450219304439349,0.4603005306333558,0.8345537011235289,0.8053263315828957,0.6179401993355482,0.5283018867924528,0.8034188034188035,0.7863247863247863,0.3702913194130628,0.8913951545530492,0.5294117647058824,0.7948717948717948,ResNet50,RadImageNet,NonLinear,full,freezeall,0.0001,64,0.5,0.5,4,2,5,256,cosine,0.5,breast
0.8172428903416691,1.856410871204148,0.5399905137402544,0.4962490622655663,0.4171779141104294,0.4189189189189189,0.5128205128205128,0.2649572649572649,1.8321914825683985,0.4870509607351713,0.4285714285714285,0.282051282051282,DenseNet121,ImageNet,Linear,full,freezeall,0.0001,64,0.5,0.5,4,2,5,256,cosine,0.5,breast
0.5244800395690478,0.4641473186321748,0.8014703702605757,0.7895723930982745,0.5208333333333334,0.5862068965517241,0.764102564102564,0.7948717948717948,0.4244509094800704,0.8329156223893066,0.7,0.8461538461538461,ResNet50,RadImageNet,Conv,full,freezeall,0.0001,64,0.5,0.5,4,2,5,256,beta,0.5,breast
0.5284294340345594,0.6570718813146281,0.7439747428334273,0.7486871717929483,0.5092250922509225,0.4923076923076923,0.7726495726495727,0.717948717948718,0.6648632700626667,0.7101086048454469,0.4347826086956521,0.6666666666666666,DenseNet121,RadImageNet,NonLinear,full,freezeall,0.0001,64,0.5,1.0,4,2,5,256,cosine,0.5,breast
0.798486784278837,0.7554856915759225,0.4951827587229123,0.4032258064516129,0.378167641325536,0.2988505747126437,0.4547008547008547,0.4786324786324786,0.818072701111818,0.3015873015873016,0.2461538461538461,0.3717948717948718,ResNet50,ImageNet,Linear,full,freezeall,0.0001,64,0.5,0.5,4,2,5,256,beta,0.5,breast
0.3462942399625849,0.4121071563826667,0.91500904159132,0.8645911477869468,0.7635135135135135,0.6551724137931034,0.8803418803418803,0.8290598290598291,0.3474662357415908,0.8972431077694235,0.7619047619047619,0.8717948717948718,ResNet50,RadImageNet,ConvSkip,full,freezeall,0.0001,64,0.5,1.0,4,2,5,256,cosine,0.5,breast
0.4917458071158482,0.4596481669662345,0.7977203332048736,0.8105776444111028,0.589041095890411,0.5263157894736842,0.7948717948717948,0.7692307692307693,0.3940406166590177,0.8755221386800334,0.6486486486486487,0.8333333333333334,ResNet50,RadImageNet,NonLinear,full,freezeall,0.0001,64,0.5,1.0,4,2,5,256,beta,0.5,breast
0.5239799298473403,0.5981823970109988,0.8478937538908486,0.7996999249812453,0.6354515050167224,0.5161290322580645,0.8136752136752137,0.7435897435897436,0.45146489296204,0.8370927318295739,0.717948717948718,0.8589743589743589,DenseNet121,ImageNet,Conv,full,freezeall,0.0001,64,0.5,1.0,16,2,5,256,cosine,0.5,breast
0.5261666603577443,0.4689990577534733,0.824059526279904,0.8218304576144035,0.5966101694915255,0.6037735849056604,0.7965811965811965,0.8205128205128205,0.3619343562003894,0.8855472013366752,0.717948717948718,0.8589743589743589,ResNet50,RadImageNet,Conv,full,freezeall,0.0001,64,0.5,1.0,4,2,5,256,cosine,0.5,breast
0.6486752646601098,0.5088578162030277,0.675836717754128,0.7554388597149287,0.4100719424460431,0.4814814814814814,0.7196581196581197,0.7606837606837606,0.5519022597716405,0.6791979949874687,0.4,0.7307692307692307,DenseNet121,ImageNet,Conv,full,freezeall,0.0001,64,0.5,1.0,4,2,5,256,beta,0.5,breast
0.5792969628276988,0.6131490749171656,0.8274093617525865,0.7663165791447862,0.6142857142857143,0.0,0.8153846153846154,0.7350427350427351,0.6126262973516415,0.7744360902255639,0.0,0.7307692307692307,DenseNet121,RadImageNet,ConvSkip,full,freezeall,0.0001,64,0.5,1.0,16,2,5,256,cosine,0.5,breast
0.5667547778186635,0.5604659390245748,0.711632526013103,0.7610652663165791,0.4693140794223827,0.0,0.7487179487179487,0.7350427350427351,0.5686541260817112,0.7276524644945698,0.0,0.7307692307692307,DenseNet121,RadImageNet,Conv,full,freezeall,0.0001,64,0.5,1.0,4,2,5,256,cosine,0.5,breast
0.9360850144655276,0.5003483020342313,0.692437672309015,0.8885971492873219,0.4852607709750567,0.6410256410256411,0.611965811965812,0.7606837606837606,0.5065792409273294,0.8262322472848789,0.5714285714285714,0.7307692307692307,ResNet50,ImageNet,ConvSkip,full,freezeall,0.0001,64,0.5,1.0,4,2,5,256,beta,0.5,breast
0.6881292650842259,0.6857055496965718,0.666498680817004,0.7164291072768192,0.4384384384384384,0.4489795918367347,0.6803418803418804,0.7692307692307693,0.6887231148206271,0.6198830409356726,0.2702702702702703,0.6538461538461539,DenseNet121,RadImageNet,NonLinear,full,freezeall,0.0001,64,0.5,1.0,4,2,5,256,beta,0.5,breast
0.5262723595668108,0.5082893453092656,0.8528740402573146,0.8308327081770442,0.6813880126182965,0.6470588235294118,0.8273504273504273,0.7948717948717948,0.5226144057053786,0.8354218880534671,0.6818181818181818,0.8205128205128205,DenseNet121,ImageNet,Conv,full,freezeall,0.0001,64,0.5,0.5,16,2,5,256,beta,0.5,breast
0.48287514560243,0.5610289252721347,0.8626271010583109,0.8053263315828958,0.6710963455149501,0.576271186440678,0.8307692307692308,0.7863247863247863,0.4730941339945181,0.8253968253968254,0.6486486486486487,0.8333333333333334,DenseNet121,ImageNet,Conv,full,freezeall,0.0001,64,0.5,1.0,16,2,5,256,beta,0.5,breast
0.400889148722347,0.4326573824271177,0.8914267927548691,0.8518379594898724,0.6891891891891891,0.6363636363636364,0.8427350427350427,0.7948717948717948,0.3777645161518684,0.8680033416875522,0.7619047619047619,0.8717948717948718,ResNet50,RadImageNet,ConvSkip,full,freezeall,0.0001,64,0.5,0.5,4,2,5,256,beta,0.5,breast
0.4797124632403381,0.4867472516165839,0.8259123113864761,0.7914478619654914,0.6198083067092651,0.5,0.7965811965811965,0.7435897435897436,0.4431191812723111,0.8304093567251463,0.7142857142857143,0.8461538461538461,DenseNet121,ImageNet,ConvSkip,full,freezeall,0.0001,64,0.5,1.0,4,2,5,256,beta,0.5,breast
0.572514643577429,0.6021143585188776,0.8365695313194794,0.7798199549887471,0.6430868167202572,0.391304347826087,0.8102564102564103,0.7606837606837606,0.6119738160035549,0.7410192147034251,0.4848484848484848,0.782051282051282,DenseNet121,RadImageNet,ConvSkip,full,freezeall,0.0001,64,0.5,0.5,16,2,5,256,beta,0.5,breast
0.5742428237556392,0.9634700152609084,0.8166335635727626,0.8012003000750187,0.5830258302583026,0.4189189189189189,0.8068376068376069,0.2649572649572649,0.9622772106757532,0.7652464494569758,0.4242424242424242,0.2692307692307692,DenseNet121,RadImageNet,ConvSkip,full,freezeall,0.0001,64,0.5,1.0,16,2,5,256,beta,0.5,breast
0.5008171715797523,0.4333032894338298,0.8114605875552129,0.8342085521380345,0.597864768683274,0.4583333333333333,0.8068376068376069,0.7777777777777778,0.4251207189682202,0.8437761069340016,0.5161290322580645,0.8076923076923077,ResNet50,RadImageNet,NonLinear,full,freezeall,0.0001,64,0.5,1.0,4,2,5,256,cosine,0.5,breast
0.6544637561863305,0.6797716306824969,0.6797349776183558,0.737059264816204,0.4911242603550296,0.4666666666666667,0.705982905982906,0.7264957264957265,0.6833345324565203,0.695906432748538,0.4888888888888889,0.7051282051282052,DenseNet121,RadImageNet,NonLinear,full,freezeall,0.0001,64,0.5,0.5,4,2,5,256,cosine,0.5,breast
0.3918574459532387,0.5516164740945539,0.905567248688228,0.8379594898724682,0.7167235494880546,0.5454545454545454,0.8581196581196581,0.8290598290598291,0.5005693053587889,0.8487886382623224,0.4516129032258064,0.782051282051282,ResNet50,RadImageNet,ConvSkip,full,freezeall,0.0001,64,0.5,0.5,4,2,5,256,cosine,0.5,breast
0.4734226589528923,0.6780766136625893,0.9063380072925622,0.8323330832708178,0.7296416938110749,0.5614035087719298,0.8581196581196581,0.7863247863247863,0.70950337098195,0.808688387635756,0.5294117647058824,0.7948717948717948,DenseNet121,ImageNet,ConvSkip,full,freezeall,0.0001,64,0.5,0.5,16,2,5,256,cosine,0.5,breast
0.8299727924868592,0.7579836391995096,0.6093291435686123,0.627906976744186,0.4215456674473068,0.4516129032258064,0.5777777777777777,0.5641025641025641,0.7297740013171465,0.7034252297410192,0.4705882352941176,0.5384615384615384,DenseNet121,ImageNet,NonLinear,full,freezeall,0.0001,64,0.5,0.5,4,2,5,256,beta,0.5,breast
0.6668996112978357,0.5765943593449063,0.6493493018705718,0.7456864216054013,0.3371647509578544,0.0,0.7042735042735043,0.7350427350427351,0.5801432973299271,0.7535505430242273,0.0,0.7307692307692307,DenseNet121,RadImageNet,Conv,full,freezeall,0.0001,64,0.5,0.5,4,2,5,256,beta,0.5,breast
0.5834521534096482,0.5776386806088635,0.7820235377819937,0.7700675168792198,0.5309090909090909,0.0,0.7794871794871795,0.7350427350427351,0.5774449446262457,0.7610693400167085,0.0,0.7307692307692307,DenseNet121,RadImageNet,Conv,full,freezeall,0.0001,64,0.5,1.0,16,2,5,256,cosine,0.5,breast
0.5742896986822796,0.4287883394803756,0.7980167788219251,0.8754688672168042,0.5836065573770491,0.6486486486486487,0.7829059829059829,0.7777777777777778,0.3754507922209226,0.9239766081871346,0.7555555555555555,0.8589743589743589,ResNet50,RadImageNet,Conv,full,freezeall,0.0001,64,0.5,0.5,4,2,5,256,cosine,0.5,breast
0.6308773150747149,0.7899625810802492,0.9204784632259212,0.8289572393098275,0.7535211267605634,0.5396825396825397,0.8803418803418803,0.7521367521367521,0.8997535980664767,0.8178780284043442,0.6086956521739131,0.7692307692307693,ResNet50,RadImageNet,ConvSkip,full,freezeall,0.0001,64,0.5,1.0,16,2,5,256,beta,0.5,breast
0.8333915808261969,0.7027304121571728,0.8951768298105713,0.8878469617404351,0.6936026936026936,0.6557377049180327,0.8444444444444444,0.8205128205128205,0.5809780771915729,0.9014202172096908,0.7317073170731707,0.8589743589743589,ResNet50,RadImageNet,ConvSkip,full,freezeall,0.0001,64,0.5,0.5,16,2,5,256,beta,0.5,breast
0.6225954263638227,0.6070874226398957,0.4683099635371891,0.5033758439609902,0.0121212121212121,0.054054054054054,0.7213675213675214,0.7008547008547008,0.6208284054047022,0.5004177109440268,0.0,0.7051282051282052,ResNet50,ImageNet,Linear,full,freezeall,0.0001,64,0.5,0.5,4,2,5,256,cosine,0.5,breast
0.8072349365450379,0.9656764177175668,0.8805620608899298,0.8765941485371342,0.6792452830188679,0.6944444444444444,0.8256410256410256,0.811965811965812,1.0233970819375453,0.849624060150376,0.6530612244897959,0.782051282051282,ResNet50,ImageNet,Conv,full,freezeall,0.0001,64,0.5,1.0,16,2,5,256,cosine,0.5,breast
1.1754682206699991,1.3886453229137974,0.8868763525331278,0.8507126781695424,0.7295597484276729,0.6792452830188679,0.852991452991453,0.8547008547008547,1.4961557181981893,0.8320802005012531,0.717948717948718,0.8589743589743589,ResNet50,ImageNet,ConvSkip,full,freezeall,0.0001,64,0.5,0.5,16,2,5,256,cosine,0.5,breast
0.7784260637230344,1.633029014636309,0.9065084635223668,0.8173293323330832,0.7307692307692307,0.35,0.8564102564102564,0.7777777777777778,1.4338273237913082,0.8763575605680868,0.5333333333333333,0.8205128205128205,ResNet50,RadImageNet,ConvSkip,full,freezeall,0.0001,64,0.5,1.0,16,2,5,256,cosine,0.5,breast
0.7591595309412378,0.5867574902681204,0.5756380991907034,0.8255813953488372,0.3421828908554572,0.0,0.6188034188034188,0.7350427350427351,0.5906059634991181,0.7142857142857143,0.0,0.7307692307692307,DenseNet121,RadImageNet,Conv,full,freezeall,0.0001,64,0.5,0.5,4,2,5,256,cosine,0.5,breast
0.7279465875055036,0.6035591796932057,0.6117896421901403,0.6440360090022506,0.4373673036093418,0.40625,0.5470085470085471,0.6752136752136753,0.5797528746800545,0.6917293233082706,0.4680851063829787,0.6794871794871795,DenseNet121,ImageNet,Linear,full,freezeall,0.0001,64,0.5,0.5,4,2,5,256,beta,0.5,breast
0.5025427073495001,0.5716573876193446,0.8021818397414995,0.753563390847712,0.5574912891986062,0.0,0.7829059829059829,0.7350427350427351,0.5732935070991516,0.7660818713450293,0.0,0.7307692307692307,DenseNet121,RadImageNet,ConvSkip,full,freezeall,0.0001,64,0.5,0.5,4,2,5,256,beta,0.5,breast
0.6857910983582847,1.0548677576912775,0.7262472949337442,0.826331582895724,0.5353535353535354,0.5042016806722689,0.6854700854700855,0.4957264957264957,1.241004573993194,0.7794486215538847,0.4418604651162791,0.3846153846153846,ResNet50,ImageNet,NonLinear,full,freezeall,0.0001,64,0.5,0.5,4,2,5,256,beta,0.5,breast
0.614184887185056,0.8288496009304992,0.8826520024901433,0.8394598649662415,0.6923076923076923,0.6,0.8358974358974359,0.7606837606837606,0.7399866244731805,0.8571428571428571,0.68,0.7948717948717948,ResNet50,RadImageNet,Conv,full,freezeall,0.0001,64,0.5,1.0,16,2,5,256,cosine,0.5,breast
0.5533269621368148,0.5613101017780793,0.8100080040316603,0.7685671417854463,0.5664335664335665,0.0,0.788034188034188,0.7350427350427351,0.5651354713317676,0.7652464494569758,0.0,0.7307692307692307,DenseNet121,RadImageNet,Conv,full,freezeall,0.0001,64,0.5,1.0,16,2,5,256,beta,0.5,breast
0.5814870786463093,0.7310182849566141,0.7922509115702724,0.7936984246061515,0.5852090032154341,0.0,0.7794871794871795,0.7350427350427351,0.740521137530987,0.7685881370091896,0.0,0.7307692307692307,DenseNet121,RadImageNet,Conv,full,freezeall,0.0001,64,0.5,0.5,16,2,5,256,beta,0.5,breast
0.4972972189259325,0.4960728420151604,0.8273500726291761,0.8660915228807202,0.5985401459854015,0.6756756756756757,0.811965811965812,0.7948717948717948,0.5945428586923159,0.7919799498746867,0.5416666666666666,0.717948717948718,ResNet50,ImageNet,Conv,full,freezeall,0.0001,64,0.5,1.0,4,2,5,256,beta,0.5,breast
0.5646305532536955,0.4189727571275499,0.7566477929623812,0.8495873968492124,0.5284280936454849,0.6037735849056604,0.7589743589743589,0.8205128205128205,0.4475303674355531,0.8095238095238096,0.5714285714285714,0.8076923076923077,DenseNet121,ImageNet,Conv,full,freezeall,0.0001,64,0.5,1.0,4,2,5,256,cosine,0.5,breast
0.9979606995215784,0.8142538620875432,0.8755521299617585,0.8807201800450113,0.6976744186046512,0.6984126984126984,0.8444444444444444,0.8376068376068376,0.9700637329847384,0.837092731829574,0.6153846153846154,0.8076923076923077,ResNet50,ImageNet,ConvSkip,full,freezeall,0.0001,64,0.5,1.0,16,2,5,256,beta,0.5,breast
1.3004560449693956,1.0317819505675223,0.7529570450300893,0.891972993248312,0.5277777777777778,0.5773195876288659,0.7094017094017094,0.6495726495726496,1.166799647685809,0.8546365914786967,0.5671641791044776,0.6282051282051282,ResNet50,ImageNet,ConvSkip,full,freezeall,0.0001,64,0.5,0.5,16,2,5,256,beta,0.5,breast
0.8099318380029793,1.3597621673192732,0.8711869682506743,0.8182670667666916,0.6688963210702341,0.6575342465753424,0.8307692307692308,0.7863247863247863,1.3220861141498272,0.8053467000835423,0.5454545454545454,0.6794871794871795,ResNet50,ImageNet,Conv,full,freezeall,0.0001,64,0.5,0.5,16,2,5,256,beta,0.5,breast
0.7466570977981274,0.8306740145398002,0.8671627189991995,0.8784696174043511,0.6773162939297125,0.6410256410256411,0.8273504273504273,0.7606837606837606,1.116958926885556,0.8178780284043442,0.5882352941176471,0.7307692307692307,ResNet50,ImageNet,Conv,full,freezeall,0.0001,64,0.5,1.0,16,2,5,256,beta,0.5,breast
0.7430553996664846,0.6862010889583163,0.6858565796104704,0.7483120780195047,0.4834123222748815,0.5934065934065934,0.6273504273504273,0.6837606837606838,0.7196273910693634,0.6633249791144529,0.4838709677419355,0.5897435897435898,DenseNet121,ImageNet,NonLinear,full,freezeall,0.0001,64,0.5,0.5,4,2,5,256,cosine,0.5,breast
0.5543261679828676,0.4456726422167232,0.7700026680105535,0.7903225806451613,0.5325443786982249,0.6666666666666666,0.7299145299145299,0.8376068376068376,0.4163708335314041,0.8538011695906432,0.6470588235294118,0.8461538461538461,ResNet50,RadImageNet,NonLinear,full,freezeall,0.0001,64,0.5,0.5,4,2,5,256,beta,0.5,breast
0.9297379123858917,0.6892289677236834,0.4072866332671271,0.2914478619654914,0.4030075187969925,0.0357142857142857,0.3213675213675214,0.5384615384615384,0.6758449276288351,0.3826232247284879,0.1212121212121212,0.6282051282051282,ResNet50,RadImageNet,Linear,full,freezeall,0.0001,64,0.5,0.5,4,2,5,256,cosine,0.5,breast
0.4476354969872368,0.8259880756720518,0.8745886817063411,0.7539384846211553,0.7017543859649122,0.4189189189189189,0.8256410256410256,0.2649572649572649,0.8220885472419934,0.7543859649122807,0.4242424242424242,0.2692307692307692,DenseNet121,RadImageNet,ConvSkip,full,freezeall,0.0001,64,0.5,0.5,16,2,5,256,cosine,0.5,breast
0.5042463132458874,0.5606237828222096,0.7885305190762755,0.7835708927231808,0.5263157894736842,0.0,0.7846153846153846,0.7350427350427351,0.5667990415524213,0.7518796992481204,0.0,0.7307692307692307,DenseNet121,RadImageNet,ConvSkip,full,freezeall,0.0001,64,0.5,0.5,4,2,5,256,cosine,0.5,breast
0.5285737911860148,0.4434930860486805,0.8124833249340409,0.8158289572393098,0.5951557093425606,0.6451612903225806,0.8,0.811965811965812,0.3513879050046969,0.887218045112782,0.7142857142857143,0.8461538461538461,ResNet50,RadImageNet,Conv,full,freezeall,0.0001,64,0.5,1.0,4,2,5,256,beta,0.5,breast
0.5078959757573585,0.853037108722915,0.9002460498621528,0.7929482370592649,0.7043189368770764,0.5306122448979592,0.8478632478632478,0.8034188034188035,0.6417541633813809,0.8379281537176274,0.5,0.8205128205128205,DenseNet121,ImageNet,ConvSkip,full,freezeall,0.0001,64,0.5,1.0,16,2,5,256,beta,0.5,breast
0.7142308155695597,1.0065111502622948,0.8399490113538671,0.7783195798949738,0.6245847176079734,0.1666666666666666,0.8068376068376069,0.7435897435897436,0.976461315766359,0.7727652464494569,0.3846153846153846,0.7948717948717948,DenseNet121,ImageNet,ConvSkip,full,freezeall,0.0001,64,0.5,0.5,16,2,5,256,beta,0.5,breast
0.7418479654524062,0.5948996655961387,0.6071650905641359,0.7081770442610653,0.3625377643504531,0.4657534246575342,0.6393162393162393,0.6666666666666666,0.6353108088175455,0.7059314954051796,0.509090909090909,0.6538461538461539,DenseNet121,ImageNet,Conv,full,freezeall,0.0001,64,0.5,0.5,4,2,5,256,beta,0.5,breast
0.4797610416116877,0.5113469362258911,0.8665846500459492,0.8638409602400601,0.6341463414634146,0.6037735849056604,0.8205128205128205,0.8205128205128205,0.5813658164861875,0.8036758563074353,0.6486486486486487,0.8333333333333334,ResNet50,ImageNet,ConvSkip,full,freezeall,0.0001,64,0.5,1.0,4,2,5,256,cosine,0.5,breast
0.508380117579403,0.4043021933135823,0.8109862745679306,0.8728432108027008,0.5947712418300654,0.746268656716418,0.788034188034188,0.8547008547008547,0.4895212352275848,0.7944862155388471,0.6666666666666666,0.8205128205128205,ResNet50,ImageNet,NonLinear,full,freezeall,0.0001,64,0.5,0.5,4,2,5,256,cosine,0.5,breast
0.6956161892312205,0.6960574357937543,0.4505528710758011,0.3525881470367592,0.400593471810089,0.380281690140845,0.3094017094017094,0.2478632478632478,0.6957996090253195,0.4227234753550543,0.4210526315789473,0.2948717948717949,DenseNet121,RadImageNet,Linear,full,freezeall,0.0001,64,0.5,0.5,4,2,5,256,cosine,0.5,breast
0.5199904598741449,0.4725465514721014,0.8393264755580588,0.8915978994748687,0.6622516556291391,0.717948717948718,0.8256410256410256,0.811965811965812,0.5946904818216959,0.8295739348370927,0.5818181818181818,0.7051282051282052,ResNet50,ImageNet,Conv,full,freezeall,0.0001,64,0.5,0.5,4,2,5,256,cosine,0.5,breast
0.5924573712878757,0.6044854379107809,0.8166780304153204,0.8195798949737434,0.5985915492957746,0.5185185185185185,0.8051282051282052,0.7777777777777778,0.5134518322272178,0.8195488721804511,0.5294117647058824,0.7948717948717948,DenseNet121,ImageNet,Conv,full,freezeall,0.0001,64,0.5,0.5,16,2,5,256,cosine,0.5,breast
0.741643951387487,0.6851287810211508,0.601903180861471,0.6800450112528132,0.4084507042253521,0.3243243243243243,0.5692307692307692,0.7863247863247863,0.6871404617260664,0.5998329156223894,0.32,0.782051282051282,DenseNet121,RadImageNet,NonLinear,full,freezeall,0.0001,64,0.5,0.5,4,2,5,256,beta,0.5,breast
0.4631511681609683,0.4645214768556448,0.8533187086828922,0.8237059264816203,0.6449511400651465,0.56,0.8136752136752137,0.811965811965812,0.4274561695563487,0.8320802005012531,0.5806451612903226,0.8333333333333334,DenseNet121,ImageNet,ConvSkip,full,freezeall,0.0001,64,0.5,1.0,4,2,5,256,cosine,0.5,breast
0.5090442199482877,0.9897259361723548,0.8550973823852015,0.8799699924981246,0.6372881355932203,0.5882352941176471,0.8170940170940171,0.6410256410256411,1.033841692484342,0.8429406850459482,0.5352112676056338,0.5769230769230769,ResNet50,ImageNet,ConvSkip,full,freezeall,0.0001,64,0.5,0.5,4,2,5,256,beta,0.5,breast
